n,K_true,M,pi_mae_mean,pi_mae_std,pi_rmse_mean,pi_rmse_std,theta_mae_mean,theta_mae_std,theta_rmse_mean,theta_rmse_std,convergence_rate,mean_iterations,mean_time,std_time
500,2,10,0.01690234937114001,0.010002296030199294,0.01690234937114001,0.010002296030199294,0.05735847185831231,0.08892609596873041,0.0724848228490878,0.10634942095771696,1.0,45.1,0.14321272373199462,0.0782499731093255
1000,2,10,0.0185452737345199,0.01307935391282987,0.0185452737345199,0.01307935391282987,0.01833089542234878,0.004568856813172759,0.023786371745299507,0.006789077831476582,1.0,48.4,0.36182360649108886,0.19965093478866724
2000,2,10,0.009419323088377781,0.00914254311607013,0.009419323088377781,0.00914254311607013,0.01376432927934984,0.00224252227813714,0.017635066165435122,0.0033267381922203786,1.0,53.6,0.7123347282409668,0.5056778972928119
3000,2,10,0.009431706954929273,0.008616817303830685,0.009431706954929273,0.008616817303830685,0.010756769327831341,0.0012443046388929192,0.014092119238920111,0.0017778055556243039,1.0,36.1,0.8385745286941528,0.2107259417398157
5000,2,10,0.006701381898985367,0.004431679509554237,0.006701381898985367,0.004431679509554237,0.009032866817990608,0.002099526387392025,0.011641568351572745,0.0031705505115097892,1.0,45.7,1.825883436203003,1.055525004516375
8000,2,10,0.005291355773579467,0.0043870726299477135,0.005291355773579467,0.0043870726299477135,0.006519904036165249,0.0011902847970795686,0.008300882746417963,0.0016254004068352236,1.0,43.5,2.5925156116485595,1.1513833944573977
