n,K_true,M,pi_mae_mean,pi_mae_std,pi_rmse_mean,pi_rmse_std,theta_mae_mean,theta_mae_std,theta_rmse_mean,theta_rmse_std,accuracy_mean,accuracy_std,convergence_rate,mean_iterations,mean_time,std_time,conf_norm_0_0,conf_norm_0_1,conf_norm_1_0,conf_norm_1_1
500,2,50,0.020583167008975396,0.01717474110618917,0.020583167008975396,0.01717474110618917,0.03740509170775691,0.049184927448705604,0.04798717842664704,0.058682461361541816,0.9053600000000002,0.17880467107992454,1.0,45.56,0.0,0.0,0.9385617872934605,0.06143821270653945,0.16769073220686126,0.8323092677931389
1000,2,50,0.01564953089336632,0.013598276349258087,0.01564953089336632,0.013598276349258087,0.027135499195042528,0.04399840539113024,0.033854399883337945,0.05203376757534673,0.91012,0.1687148647867164,0.98,41.28,0.0,0.0,0.9353375624406238,0.06466243755937606,0.1372560308595774,0.8627439691404226
2000,2,50,0.010489730017599501,0.008059568306256025,0.010489730017599501,0.008059568306256025,0.016747300714206843,0.022776791709048935,0.022417816868429002,0.03273207974730998,0.9345599999999998,0.1238897752036059,1.0,39.4,0.0,0.0,0.9576509393374445,0.042349060662555574,0.11863230921704655,0.8813676907829534
3000,2,50,0.007937981512558603,0.00689483044018164,0.007937981512558603,0.00689483044018164,0.02378951388344345,0.06573641749701609,0.029050256789059623,0.07441599620515005,0.9094200000000001,0.18291318900262798,0.98,43.62,0.0,0.0,0.9378367137703236,0.06216328622967626,0.15361180837141444,0.8463881916285855
5000,2,50,0.00686688246065958,0.004273502104866485,0.00686688246065958,0.004273502104866485,0.008816753655013228,0.0017598417623626561,0.0113776677011821,0.002595843066189998,0.95164,0.02822552036721378,1.0,41.08,0.0,0.0,0.9696683220192264,0.03033167798077361,0.09090420384904849,0.9090957961509515
