n,K_true,M,pi_mae_mean,pi_mae_std,pi_rmse_mean,pi_rmse_std,theta_mae_mean,theta_mae_std,theta_rmse_mean,theta_rmse_std,convergence_rate,mean_iterations,mean_time,std_time
500,3,10,0.01870230397671932,0.012455088712344861,0.021139780957024727,0.013931097562199825,0.04965538124085831,0.04785603347390865,0.06659277241754435,0.06704901246455344,0.9,83.7,0.33134093284606936,0.16944417643280196
1000,3,10,0.020445639602563664,0.007914984690778693,0.02290936821137275,0.009102672876675766,0.03942347755515839,0.042904344294906104,0.05219434279615111,0.060607829460382706,1.0,50.4,0.5764940261840821,0.14792406468234684
2000,3,10,0.012620809827572433,0.007396000990720893,0.014157473235364901,0.007937801331000714,0.01775636218151232,0.0028075105589936483,0.023717171111957196,0.003966590570773314,1.0,73.3,1.726979374885559,0.7256470273492707
3000,3,10,0.008536080037452005,0.004913333665631742,0.009513959005152752,0.005635629761779059,0.013499621966666625,0.0019001381915384305,0.017473088022228033,0.002482340266992032,1.0,73.8,2.3635177850723266,0.7628536735891893
5000,3,10,0.007974390426316551,0.004082288121588475,0.008850437445026902,0.004579674601439831,0.0435405379261678,0.06589679757791701,0.06309682000708279,0.09760759937911023,1.0,53.3,3.5602378845214844,0.9939818540206937
8000,3,10,0.006230988570842473,0.002660617265313196,0.007027092663531591,0.003368966840443567,0.02904138986762796,0.06119262354255476,0.04143778157433904,0.09140951732614723,1.0,50.9,4.761677479743957,1.4728188668655615
