n,K_true,M,pi_mae_mean,pi_mae_std,pi_rmse_mean,pi_rmse_std,theta_mae_mean,theta_mae_std,theta_rmse_mean,theta_rmse_std,accuracy_mean,accuracy_std,convergence_rate,mean_iterations,mean_time,std_time,conf_norm_0_0,conf_norm_0_1,conf_norm_0_2,conf_norm_1_0,conf_norm_1_1,conf_norm_1_2,conf_norm_2_0,conf_norm_2_1,conf_norm_2_2
500,3,50,0.026328815895815608,0.019208441857075136,0.02914818945833733,0.020906739691534667,0.05141163069000492,0.0488400995826012,0.06837504315041625,0.06661795373842606,0.8514,0.1430738270963631,0.9,92.84,0.0,0.0,0.9202642132578438,0.05472988912479358,0.025005897617362587,0.09161740999462654,0.8077646426652338,0.10061794734013972,0.12399256044637322,0.13845835916511676,0.73754908038851
1000,3,50,0.019723063515751267,0.020425133334240037,0.022270950060334527,0.023304562453911694,0.04592958263980349,0.05962886252086077,0.06137897878669706,0.0802107693696034,0.82634,0.20875455539939722,0.96,73.78,0.0,0.0,0.8655299283934011,0.09981406021284173,0.03465601139375717,0.15781517023793876,0.7868410674378862,0.05534376232417511,0.10421705752445051,0.11042170575244505,0.7853612367231044
2000,3,50,0.010482660259012845,0.005592674486094825,0.011697152120726704,0.00605285197149852,0.031381335469827194,0.04825331929443752,0.042697371234976585,0.06899420930579274,0.8712000000000001,0.12171893854285781,1.0,72.98,0.0,0.0,0.9237491190979563,0.05027685492801772,0.025974025974025976,0.09318575113461977,0.8393247787899565,0.06748947007542365,0.09128272782626343,0.12040795615993505,0.7883093160138015
3000,3,50,0.009888691710231722,0.00622800199395562,0.010999334282778644,0.006891435775365402,0.023564555091248073,0.03818346329702137,0.032058282190376416,0.05496714411843354,0.8673866666666666,0.11629795756303432,1.0,72.7,0.0,0.0,0.9202774827581571,0.05241789118481374,0.02730462605702916,0.1030309710128954,0.8293397994048275,0.06762922958227709,0.09179558376305699,0.11381065714663494,0.7943937590903081
5000,3,50,0.007311015997150589,0.004361003150386358,0.008081176700699865,0.004949920728453206,0.023041319953217974,0.040799823126885924,0.032575924490307606,0.062182268051220214,0.8634080000000001,0.15008568198199324,1.0,61.44,0.0,0.0,0.9255005432252057,0.04978270991774019,0.02471674685705417,0.09993857913055347,0.8126526991059851,0.08740872176346141,0.08430287206266318,0.14174412532637076,0.773953002610966
