n,K_true,M,pi_mae_mean,pi_mae_std,pi_rmse_mean,pi_rmse_std,theta_mae_mean,theta_mae_std,theta_rmse_mean,theta_rmse_std,convergence_rate,mean_iterations,mean_time,std_time
500,4,10,0.016578612746751268,0.005976915063668737,0.018996581317677955,0.0068277909419251544,0.09868824182234177,0.0590283325112515,0.14897983739783197,0.09806710191041547,1.0,99.1,0.670234990119934,0.16336044745745296
1000,4,10,0.011842301816155875,0.0039002621904976336,0.013925769649941475,0.00430144108001191,0.07094259226907487,0.0670284793306508,0.10131325709048014,0.09867161002715154,0.9,99.6,1.5756657123565674,0.4760641123525504
2000,4,10,0.014263907017690846,0.00490242333813297,0.01586835333352171,0.005414520235155138,0.03462692507241971,0.03945298655131986,0.04834076820312215,0.06234855458262993,1.0,90.7,2.699892020225525,0.5579695127781614
3000,4,10,0.008134229970240462,0.00520641106819974,0.00938181676168578,0.005931739555014826,0.07628924904068969,0.08117069227867592,0.10953495650676555,0.11112299371574899,0.9,107.3,4.173699927330017,1.4257646309141874
5000,4,10,0.00793221223604707,0.003994044052859545,0.008943748221727953,0.004568186450500241,0.025148544955762887,0.034585008690969546,0.037017578860076866,0.05820186281372936,1.0,86.1,7.4662601232528685,1.6442686604758197
8000,4,10,0.005254220952109551,0.0029139367008522246,0.005980810110439202,0.003321014630023681,0.023452822546397224,0.038587326986616,0.03459838640008664,0.06229199771219132,1.0,102.5,11.219915103912353,2.5627555648127553
