n,K_true,M,pi_mae_mean,pi_mae_std,pi_rmse_mean,pi_rmse_std,theta_mae_mean,theta_mae_std,theta_rmse_mean,theta_rmse_std,convergence_rate,mean_iterations,mean_time,std_time
500,5,10,0.016852854431710917,0.006040220462401633,0.019775958482730782,0.006894822289686153,0.1633948815740984,0.06153576402097147,0.22671481948909067,0.08371653845385998,0.8,153.6,1.3213104486465455,0.32068309903864733
1000,5,10,0.014961557754235421,0.005353415396946306,0.0169576862602516,0.0051692828630697935,0.09067497341453323,0.05805605147242792,0.13445545834404649,0.08971173185231808,0.8,133.5,2.9953771114349363,0.7558820408556627
2000,5,10,0.013260039405500107,0.004332733309348515,0.015594427011764353,0.005306446033058914,0.08470355244093927,0.040517159329660345,0.14603586889582565,0.07614313075434032,0.9,127.1,4.631784725189209,1.370041085435914
3000,5,10,0.008318168207101894,0.0036920835528783725,0.009707486380267184,0.004626006506724003,0.056206376244748835,0.04569615436505377,0.0947385533889589,0.0851632727420686,1.0,109.7,7.106643104553223,1.4303040602559574
5000,5,10,0.006328307367708001,0.0018306457176488712,0.007771100973922302,0.002221057971552087,0.08965416767340294,0.05552278789602688,0.14998871902803249,0.09148243748328826,0.9,132.6,13.02933235168457,3.53730626987121
8000,5,10,0.005947768874676257,0.003215101897113134,0.006984493338617154,0.0036953649215298637,0.038270359549758895,0.04171548643603639,0.06404968572705268,0.07632480628678151,1.0,110.4,19.120342755317687,5.114667483653268
