n,K_true,M,success_rate,over_rate,under_rate,mean_selected_K,std_selected_K,mean_time,std_time
500,2,10,1.0,0.0,0.0,2.0,0.0,2.4624224662780763,0.09042683168688911
1000,2,10,1.0,0.0,0.0,2.0,0.0,5.8027842998504635,0.23930438287854386
2000,2,10,1.0,0.0,0.0,2.0,0.0,11.535678744316101,0.2723036943271355
3000,2,10,1.0,0.0,0.0,2.0,0.0,16.962420630455018,0.23487872651221572
5000,2,10,1.0,0.0,0.0,2.0,0.0,29.126775479316713,0.4168246819881204
8000,2,10,1.0,0.0,0.0,2.0,0.0,50.89731233119964,0.7344897517019037
