n,K_true,M,success_rate,over_rate,under_rate,mean_selected_K,std_selected_K,mean_time,std_time
500,2,50,1.0,0.0,0.0,2.0,0.0,1.9747240686416625,0.20272331919892414
1000,2,50,1.0,0.0,0.0,2.0,0.0,4.152854652404785,0.19062753820062706
2000,2,50,1.0,0.0,0.0,2.0,0.0,8.654898014068603,0.442784657899616
3000,2,50,1.0,0.0,0.0,2.0,0.0,13.605625891685486,0.6712174306825748
5000,2,50,1.0,0.0,0.0,2.0,0.0,25.573595700263976,1.191623185211248
