n,K_true,M,success_rate,over_rate,under_rate,mean_selected_K,std_selected_K,mean_time,std_time
500,3,10,0.8,0.0,0.2,2.8,0.39999999999999997,4.12939727306366,0.3239550654086695
1000,3,10,0.9,0.0,0.1,2.9,0.3,8.384750318527221,0.6408409682326697
2000,3,10,1.0,0.0,0.0,3.0,0.0,18.79371030330658,0.6320670736206683
3000,3,10,1.0,0.0,0.0,3.0,0.0,29.320301270484926,0.7396850596208365
5000,3,10,1.0,0.0,0.0,3.0,0.0,44.155223965644836,2.428343905149753
8000,3,10,1.0,0.0,0.0,3.0,0.0,65.3693913936615,1.643410668716429
