n,K_true,M,success_rate,over_rate,under_rate,mean_selected_K,std_selected_K,mean_time,std_time
500,3,50,0.78,0.0,0.22,2.78,0.41424630354415964,4.081949882507324,0.473551520115053
1000,3,50,0.88,0.0,0.12,2.88,0.32496153618543844,8.060510845184327,0.6434447964169032
2000,3,50,1.0,0.0,0.0,3.0,0.0,16.04911383152008,0.9949122489602944
3000,3,50,1.0,0.0,0.0,3.0,0.0,25.55223380565643,2.049413389426694
5000,3,50,1.0,0.0,0.0,3.0,0.0,43.7176460647583,3.026446637489997
