n,K_true,M,success_rate,over_rate,under_rate,mean_selected_K,std_selected_K,mean_time,std_time
500,4,50,0.34,0.0,0.66,3.14,0.7213875518748574,6.32982253074646,0.6579658789624505
1000,4,50,0.84,0.0,0.16,3.82,0.4331281565541543,11.960483717918397,1.2682668934278873
2000,4,50,0.98,0.0,0.02,3.98,0.13999999999999999,26.069864530563354,1.9438997402144802
3000,4,50,1.0,0.0,0.0,4.0,0.0,38.157848162651064,3.9499011940475
5000,4,50,1.0,0.0,0.0,4.0,0.0,64.99161628723145,5.33658201147631
