n,K_true,M,success_rate,over_rate,under_rate,mean_selected_K,std_selected_K,mean_time,std_time
500,4,5,0.4,0.0,0.6,3.4,0.4898979485566356,3.1819364547729494,0.27744947872038656
1000,4,5,0.8,0.0,0.2,3.8,0.39999999999999997,7.034264421463012,0.4801713043862319
2000,4,5,1.0,0.0,0.0,4.0,0.0,16.02968363761902,0.779230301907195
3000,4,5,1.0,0.0,0.0,4.0,0.0,23.3857675075531,1.4518068278152265
5000,4,5,1.0,0.0,0.0,4.0,0.0,39.55445494651794,2.454556578032338
8000,4,5,1.0,0.0,0.0,4.0,0.0,62.125066089630124,2.561435801483359
