n,K_true,M,success_rate,over_rate,under_rate,mean_selected_K,std_selected_K,mean_time,std_time
500,4,10,0.7,0.0,0.3,3.7,0.45825756949558405,5.508502578735351,0.45210573136173626
1000,4,10,0.8,0.0,0.2,3.8,0.39999999999999997,10.647781443595886,0.5018689668167391
2000,4,10,1.0,0.0,0.0,4.0,0.0,23.755880665779113,0.9199096723306803
3000,4,10,1.0,0.0,0.0,4.0,0.0,33.552870297431944,2.2175842902856293
5000,4,10,1.0,0.0,0.0,4.0,0.0,56.293349504470825,2.9648795035875333
8000,4,10,1.0,0.0,0.0,4.0,0.0,99.98913972377777,2.469479804902799
