n,K_true,M,success_rate,over_rate,under_rate,mean_selected_K,std_selected_K,mean_time,std_time
500,5,5,0.0,0.0,1.0,3.4,0.4898979485566356,5.762149953842163,0.3776532040997613
1000,5,5,0.2,0.0,0.8,4.2,0.39999999999999997,11.177971172332764,0.8756203588200205
2000,5,5,1.0,0.0,0.0,5.0,0.0,20.141786766052245,0.6841492227159676
3000,5,5,0.8,0.0,0.2,4.8,0.39999999999999997,32.295744228363034,1.4425734863490487
5000,5,5,1.0,0.0,0.0,5.0,0.0,52.376066541671754,3.2461457487876326
8000,5,5,1.0,0.0,0.0,5.0,0.0,89.7043779850006,4.612346534912473
