n,K_true,M,success_rate,over_rate,under_rate,mean_selected_K,std_selected_K,mean_time,std_time
500,5,10,0.0,0.0,1.0,3.4,0.48989794855663565,8.263302636146545,0.539781174386181
1000,5,10,0.3,0.0,0.7,4.3,0.45825756949558405,16.815104722976685,0.9435731399769005
2000,5,10,0.9,0.0,0.1,4.9,0.3,31.489529967308044,1.9832418868246027
3000,5,10,0.9,0.0,0.1,4.9,0.3,50.25690722465515,3.293659991330143
5000,5,10,0.9,0.0,0.1,4.9,0.3,83.04549441337585,4.872098379663127
8000,5,10,1.0,0.0,0.0,5.0,0.0,131.5136109113693,7.8853503003069
