sim_id,n,K_true,selected_K,correct,over_selected,under_selected,computation_time,bic_K1,bic_K2,bic_K3,bic_K4,bic_K5
0,5000,3,3,1,0,0,23.016674041748047,129587.58175254728,123171.20902081954,121658.48801822815,121792.03953408773,121932.16476486945
1,5000,3,3,1,0,0,26.394695043563843,133010.3393056862,130919.11271082477,130592.62026423388,130723.82710006158,130874.88376572185
2,5000,3,3,1,0,0,23.137497901916504,130140.20145148486,127387.97413678312,126490.92047935436,126617.97482829259,126766.8051024724
3,5000,3,3,1,0,0,21.120817184448242,134427.7953495787,125806.13634962283,123877.44081258941,124008.06783571126,124149.19258987381
4,5000,3,3,1,0,0,22.957685947418213,128444.10111997546,124402.98997208812,123004.97176791793,123136.70074735107,123266.66180860107
