sim_id,n,K_true,selected_K,correct,over_selected,under_selected,computation_time,bic_K2,bic_K3,bic_K4,bic_K5,bic_K6
0,5000,4,4,1,0,0,39.5036678314209,130244.32592155355,128167.4128811377,126960.20288971812,127091.95852363516,127230.4392835804
1,5000,4,4,1,0,0,37.441049098968506,127207.00379397815,125485.83130394702,124234.1150236845,124357.92036936787,124497.45809709512
2,5000,4,4,1,0,0,42.75121593475342,128753.46607031698,127188.49778105227,126972.26019341164,127105.4014435716,127251.59869660162
3,5000,4,4,1,0,0,36.30844593048096,125321.96386095312,123994.82390854866,122773.96130794163,122913.49543013213,123063.00281813375
4,5000,4,4,1,0,0,41.76789593696594,127373.19888652784,126286.45819442521,125876.0194319883,126012.50024546136,126151.86463304488
