sim_id,n,K_true,selected_K,correct,over_selected,under_selected,computation_time,bic_K2,bic_K3,bic_K4,bic_K5,bic_K6
0,8000,4,4,1,0,0,58.34057402610779,210139.6363547536,206816.23617233438,205147.28966151574,205293.2079887376,205441.1687347322
1,8000,4,4,1,0,0,64.52325820922852,205723.2124404,204029.1214961241,203003.70286422982,203150.17294740697,203302.71868539366
2,8000,4,4,1,0,0,61.504388093948364,199505.039914546,197023.57849960876,195508.42619241658,195646.29035344467,195795.82562561496
3,8000,4,4,1,0,0,65.40142107009888,207268.06971164007,203764.36741819032,202043.0936957486,202187.06281252156,202340.36264267535
4,8000,4,4,1,0,0,60.85568904876709,195703.2768185013,193345.90367367098,192647.14606577443,192795.76796060568,192944.58908874795
