sim_id,n,K_true,selected_K,correct,over_selected,under_selected,computation_time,bic_K3,bic_K4,bic_K5,bic_K6,bic_K7
0,2000,5,5,1,0,0,20.643948078155518,52556.575611743996,52492.591003199224,52446.759684923454,52563.16554150349,52684.5566666411
1,2000,5,5,1,0,0,21.157348155975342,52037.63968601912,51886.62451961907,51718.89265446877,51830.54795313445,51950.06125833885
2,2000,5,5,1,0,0,19.711134910583496,51713.95958839259,51522.22185275724,51341.507734443876,51459.83792330075,51577.00036579465
3,2000,5,5,1,0,0,19.2237868309021,52128.33888619367,51727.30031036053,51676.769524316725,51785.085508996206,51910.99156726023
4,2000,5,5,1,0,0,19.972715854644775,52249.556239988226,51664.962066887834,51564.5610470681,51676.69753708295,51794.38992530102
