sim_id,n,K_true,selected_K,correct,over_selected,under_selected,computation_time,bic_K1,bic_K2,bic_K3,bic_K4,bic_K5
0,500,3,3,1,0,0,1.8530189990997314,13232.836647456033,12867.099706520528,12777.99991420321,12855.44923636549,12952.443956357129
1,500,3,3,1,0,0,2.3441078662872314,13597.565808641826,13318.253819738089,13071.082779534654,13150.998035772624,13236.775820404893
2,500,3,3,1,0,0,2.338930368423462,13257.874766259816,12962.390102225065,12893.530425073455,12973.73084780997,13059.635747162318
3,500,3,2,0,0,1,2.3424599170684814,13351.037684266188,13127.246580982004,13167.172458231738,13227.510724118985,13325.664115135109
4,500,3,3,1,0,0,1.8867177963256836,13516.054395269726,13295.427252256786,13078.918566286968,13166.519795486813,13250.513016053346
