sim_id,n,K_true,selected_K,correct,over_selected,under_selected,computation_time,bic_K1,bic_K2,bic_K3,bic_K4,bic_K5
0,2000,3,3,1,0,0,9.296716928482056,52599.815419069666,51213.691213000464,51011.06285187651,51124.79902774106,51246.0010157613
1,2000,3,3,1,0,0,8.894618034362793,52567.25290429595,49900.620434643126,49554.427397734515,49661.54130181418,49796.50920423467
2,2000,3,3,1,0,0,8.410964965820312,54182.627150727276,52044.29567732679,51344.88969051382,51456.56630774742,51570.67835099857
3,2000,3,3,1,0,0,8.78463077545166,54231.25416809082,53350.89087645485,52976.60201514169,53096.02645545772,53210.14263516836
4,2000,3,3,1,0,0,10.145072937011719,51837.094698116765,49917.275067711154,49499.81425930065,49610.68522534892,49736.366619436936
