sim_id,n,K_true,selected_K,correct,over_selected,under_selected,computation_time,bic_K3,bic_K4,bic_K5,bic_K6,bic_K7
0,8000,5,5,1,0,0,86.61879920959473,209850.6711042789,207606.46220875232,206797.95313025868,206944.691606191,207088.25605122666
1,8000,5,5,1,0,0,84.72842407226562,206858.80521676075,204745.54319587373,203278.3513950618,203418.05656362307,203584.3109728064
2,8000,5,5,1,0,0,95.7697389125824,212752.9071288921,211430.16845094218,211208.22526819067,211358.79938152223,211515.55751481475
3,8000,5,5,1,0,0,86.62160396575928,210520.98065954007,208055.51719413046,206438.34792707415,206586.8640503685,206737.74192359613
4,8000,5,5,1,0,0,94.78332376480103,207784.2354773135,206578.340512296,206078.01172611164,206223.69303354336,206372.9131732439
