sim_id,n,K_true,selected_K,correct,over_selected,under_selected,computation_time,bic_K3,bic_K4,bic_K5,bic_K6,bic_K7
0,3000,5,5,1,0,0,31.285334825515747,78700.30670074637,78445.01667499781,78184.31646927194,78306.60814041371,78432.59480759646
1,3000,5,5,1,0,0,31.153581142425537,78012.60873010717,77754.02882652593,77637.74148375094,77757.68282170084,77883.55170079718
2,3000,5,5,1,0,0,31.256814002990723,77459.60660838989,77049.93218717456,76965.81858313088,77091.16158770688,77224.03995095768
3,3000,5,5,1,0,0,32.914918184280396,77156.8599304919,77003.51968809724,76942.02062820464,77073.01143110982,77186.87264292312
4,3000,5,4,0,0,1,34.86807298660278,77898.03735988047,77755.89963706653,77828.13211606689,77953.12642013517,78072.75251366025
