sim_id,n,K_true,selected_K,correct,over_selected,under_selected,computation_time,bic_K1,bic_K2,bic_K3,bic_K4
0,2000,2,2,1,0,0,5.690047025680542,50463.42743458916,49224.53963256427,49346.15227059257,49467.08822805265
1,2000,2,2,1,0,0,5.958489894866943,48239.88929074249,46885.308854522504,46988.430558082495,47094.45466364064
2,2000,2,2,1,0,0,5.502157688140869,49695.21366242793,45673.70766518626,45785.42809782851,45926.603796417025
3,2000,2,2,1,0,0,5.51950216293335,52165.40427888637,50469.08038283006,50595.064595016665,50720.58070490846
4,2000,2,2,1,0,0,5.861093044281006,52065.880769380245,51549.91418155055,51674.328330213386,51788.77407763609
