sim_id,n,K_true,selected_K,correct,over_selected,under_selected,computation_time,bic_K1,bic_K2,bic_K3,bic_K4,bic_K5
0,8000,3,3,1,0,0,35.758780002593994,210406.47628024136,202346.68387221583,196823.3108248496,196957.83040677157,197111.4488112157
1,8000,3,3,1,0,0,37.5409517288208,208034.11141233656,201280.9970336521,198440.11064168302,198594.63639474037,198745.84418786017
2,8000,3,3,1,0,0,35.79808688163757,208015.09508083484,201600.3801676701,197523.42787991348,197664.949373669,197817.92960573517
3,8000,3,3,1,0,0,35.97356605529785,208600.33438889132,201082.68885195837,198756.66487365833,198911.1146768853,199055.76639778863
4,8000,3,3,1,0,0,35.969090938568115,214192.21759234756,208733.54425233137,203482.64347283935,203632.3733703416,203775.61593859666
