sim_id,n,K_true,selected_K,correct,over_selected,under_selected,computation_time,bic_K3,bic_K4,bic_K5,bic_K6,bic_K7
0,1000,5,4,0,0,1,11.998625993728638,26341.563997751644,26261.257546171182,26297.2458370655,26395.2768386512,26496.97525882557
1,1000,5,4,0,0,1,10.59837293624878,26092.105651091893,25935.51513956705,25942.951594129983,26046.36682288029,26143.486287415708
2,1000,5,4,0,0,1,11.389914751052856,25443.03665782339,25441.683471619457,25493.200220912942,25590.957342475725,25693.12340035653
3,1000,5,5,1,0,0,9.794617176055908,26209.75415480694,26171.153478166714,26150.8543009231,26251.132582798466,26353.444420251097
4,1000,5,4,0,0,1,12.108325004577637,25698.186409171572,25662.83856059621,25737.03901761854,25833.140255760492,25939.69488133169
