sim_id,n,K_true,selected_K,correct,over_selected,under_selected,computation_time,bic_K1,bic_K2,bic_K3,bic_K4
0,3000,2,2,1,0,0,8.81814694404602,68790.2526280865,64483.518409319615,64622.1549263191,64738.067414896104
1,3000,2,2,1,0,0,9.133745908737183,75425.181279966,72468.09790367879,72592.33283770089,72721.15937789099
2,3000,2,2,1,0,0,8.688304901123047,74054.89471356959,71623.1501313045,71750.31833343938,71880.41850077623
3,3000,2,2,1,0,0,8.719563961029053,71304.69692433378,68157.10905338725,68289.24356377061,68409.41151801188
4,3000,2,2,1,0,0,8.40697193145752,70911.8561667969,66629.233603121,66758.19242964705,66888.62112153132
