sim_id,n,K_true,selected_K,correct,over_selected,under_selected,computation_time,bic_K2,bic_K3,bic_K4,bic_K5,bic_K6
0,1000,4,4,1,0,0,6.856200933456421,26626.82307879729,26453.82270174423,26391.20725435779,26483.271335212106,26588.29356393415
1,1000,4,3,0,0,1,7.820818185806274,25711.32943242649,25641.909592204895,25706.940780186495,25810.058196269183,25895.505803152606
2,1000,4,4,1,0,0,7.266741037368774,25704.056567020936,25580.15898302813,25514.393293069937,25610.317755903146,25711.3332169033
3,1000,4,4,1,0,0,6.831485986709595,26366.65046636589,26066.566748301517,26004.16728088591,26098.355693913618,26197.236471010267
4,1000,4,4,1,0,0,6.396075963973999,26326.799295820856,25724.89237361844,25581.53555206653,25685.438671832453,25780.661114674895
