sim_id,n,K_true,selected_K,correct,over_selected,under_selected,computation_time,bic_K1,bic_K2,bic_K3,bic_K4,bic_K5
0,1000,3,3,1,0,0,4.283951997756958,26348.629390448215,24805.814019353093,24548.078658872506,24634.637486599397,24741.476181431168
1,1000,3,3,1,0,0,4.205164194107056,26719.449795936016,25621.225135063443,24901.247961212885,24995.40860210746,25094.41534448556
2,1000,3,2,0,0,1,5.209527969360352,24961.95841803192,24588.401305055308,24632.17832638451,24723.830045749288,24826.808057477312
3,1000,3,3,1,0,0,4.428061008453369,26806.939238605606,25657.099004492327,25470.585943176568,25577.858320493197,25676.78341778604
4,1000,3,3,1,0,0,3.777906894683838,26488.664557942466,24717.709441319592,23945.178380770485,24050.028643199912,24145.966126191623
