sim_id,n,K_true,selected_K,correct,over_selected,under_selected,computation_time,bic_K2,bic_K3,bic_K4,bic_K5,bic_K6
0,2000,4,4,1,0,0,16.247694969177246,52013.491867368866,51172.34617437439,51121.86103170433,51236.455810585394,51359.61678417284
1,2000,4,4,1,0,0,16.52703619003296,50420.70109889423,50105.66670316326,50010.030940506775,50128.12595684896,50242.876762351494
2,2000,4,4,1,0,0,14.807601928710938,52793.53705962927,52074.10315402304,51629.85723606609,51739.60262757736,51852.47364298523
3,2000,4,4,1,0,0,15.534963130950928,50490.256734945695,50026.578926293005,49842.90324395,49948.85211195887,50076.613146993965
4,2000,4,4,1,0,0,17.031121969223022,51508.83519022589,50938.53113701405,50651.97615988512,50765.820568975265,50876.13826648425
