sim_id,n,K_true,selected_K,correct,over_selected,under_selected,computation_time,bic_K1,bic_K2,bic_K3,bic_K4
0,5000,2,2,1,0,0,15.10233187675476,127043.2005956639,121881.97045548548,122014.4795108418,122147.92799956954
1,5000,2,2,1,0,0,15.954411029815674,116674.18330725849,114100.42107769607,114233.85524142656,114367.46258888589
2,5000,2,2,1,0,0,15.025537014007568,128405.04808240185,124885.07329014999,125027.14196869104,125164.28238946598
3,5000,2,2,1,0,0,15.372623205184937,127734.52480999862,125177.79615567076,125303.19717054606,125448.01273999407
4,5000,2,2,1,0,0,14.750372886657715,132795.22213493628,127578.99460139048,127716.94390936097,127851.18646361871
