sim_id,n,K_true,selected_K,correct,over_selected,under_selected,computation_time,bic_K2,bic_K3,bic_K4,bic_K5,bic_K6
0,500,4,3,0,0,1,3.34733510017395,12598.477126426165,12458.069019689545,12470.220657600566,12552.732164236608,12649.627669036907
1,500,4,4,1,0,0,3.4495248794555664,13534.156353622191,13487.784353882158,13483.237456470599,13569.298602139075,13648.896054193001
2,500,4,4,1,0,0,2.7743072509765625,13171.508905983243,12834.402973840239,12811.127955511123,12900.657276495825,12991.947820019957
3,500,4,3,0,0,1,2.924872875213623,12914.36174592839,12850.188146201344,12863.142219161311,12943.526297736327,13023.699889782618
4,500,4,3,0,0,1,3.413642168045044,13356.667816618166,13275.688157275199,13311.65441636287,13387.990047747136,13473.469845169691
