sim_id,n,K_true,pi_mae,pi_rmse,theta_mae,theta_rmse,accuracy,converged,n_iterations,computation_time,conf_0_0,conf_0_1,conf_0_2,conf_0_3,conf_1_0,conf_1_1,conf_1_2,conf_1_3,conf_2_0,conf_2_1,conf_2_2,conf_2_3,conf_3_0,conf_3_1,conf_3_2,conf_3_3
0,2000,4,0.009146907793706357,0.009976366126080159,0.018785355072916614,0.023902978906521113,0.8995,1,68,0,729,24,21,20,14,544,11,7,37,25,301,12,19,10,1,225
1,2000,4,0.008505359390922944,0.009824430859828865,0.15290258505247226,0.23525478088112978,0.6755,1,110,0,756,58,32,7,56,579,17,24,11,16,10,196,20,10,202,6
2,2000,4,0.012608279812560935,0.012791385570385179,0.02391368571302208,0.031179163207184196,0.883,1,83,0,778,22,21,9,35,589,14,43,19,15,217,7,15,25,9,182
3,2000,4,0.02218461759474998,0.023546312662655007,0.020978034011082017,0.029125796616746046,0.8475,1,76,0,727,46,23,8,37,487,20,17,40,25,326,9,21,29,30,155
4,2000,4,0.013507433858894587,0.014627855031199842,0.020411157284443725,0.024527502041490082,0.9145,1,87,0,788,2,14,44,6,445,6,12,9,7,350,6,50,5,10,246
