sim_id,n,K_true,pi_mae,pi_rmse,theta_mae,theta_rmse,accuracy,converged,n_iterations,computation_time,conf_0_0,conf_0_1,conf_0_2,conf_1_0,conf_1_1,conf_1_2,conf_2_0,conf_2_1,conf_2_2
0,8000,3,0.00498692255666755,0.005318722625284038,0.009088537190728736,0.011212179228445005,0.886375,1,47,0,2681,122,192,124,2370,134,221,116,2040
1,8000,3,0.006727396552783048,0.007677628858529565,0.007610274301934029,0.009623555398294162,0.875625,1,66,0,3227,296,39,372,2304,129,53,106,1474
2,8000,3,0.006773963014872125,0.007378891493532997,0.00944080712330353,0.011328594753673104,0.911875,1,49,0,4430,238,39,250,1882,49,37,92,983
3,8000,3,0.006049348275016834,0.006456868993270589,0.008363391583197257,0.010589126812872496,0.915375,1,67,0,4462,120,141,182,1516,61,131,42,1345
4,8000,3,0.0026506702159247997,0.0028367202805398605,0.2126124248911148,0.3156609093938793,0.407875,1,17,0,3167,42,55,71,50,2250,41,2278,46
