sim_id,n,K_true,pi_mae,pi_rmse,theta_mae,theta_rmse,accuracy,converged,n_iterations,computation_time,conf_0_0,conf_0_1,conf_0_2,conf_0_3,conf_0_4,conf_1_0,conf_1_1,conf_1_2,conf_1_3,conf_1_4,conf_2_0,conf_2_1,conf_2_2,conf_2_3,conf_2_4,conf_3_0,conf_3_1,conf_3_2,conf_3_3,conf_3_4,conf_4_0,conf_4_1,conf_4_2,conf_4_3,conf_4_4
0,3000,5,0.009927313538859483,0.011002118595797571,0.01767735015307576,0.02236167121778289,0.8436666666666667,1,72,0,676,22,6,51,16,25,523,28,9,12,10,65,501,9,24,44,12,17,446,17,25,24,28,25,385
1,3000,5,0.006268750871063789,0.00729902978935971,0.12920668047535952,0.22206874348959696,0.6796666666666666,1,165,0,867,11,17,22,24,6,685,10,1,3,20,6,473,42,22,23,7,25,6,337,22,12,51,300,8
2,3000,5,0.017815900886955664,0.021825870115288047,0.02430298050823755,0.03194032535574839,0.848,1,145,0,1220,34,28,74,10,45,495,12,6,10,30,14,366,4,8,56,8,8,238,19,33,13,1,43,225
3,3000,5,0.005600293752290636,0.00632834938416445,0.017362337044794805,0.023066953841072504,0.8756666666666667,1,50,0,718,20,41,16,9,16,651,25,13,21,34,12,459,12,13,12,30,20,423,23,6,19,14,17,376
4,3000,5,0.007124735996262882,0.0076749273749948605,0.08805476735855794,0.1715316535717845,0.503,1,106,0,830,49,32,33,14,26,49,577,11,6,50,521,38,12,21,27,12,14,357,7,31,30,12,6,235
