sim_id,n,K_true,pi_mae,pi_rmse,theta_mae,theta_rmse,accuracy,converged,n_iterations,computation_time,conf_0_0,conf_0_1,conf_0_2,conf_0_3,conf_1_0,conf_1_1,conf_1_2,conf_1_3,conf_2_0,conf_2_1,conf_2_2,conf_2_3,conf_3_0,conf_3_1,conf_3_2,conf_3_3
0,500,4,0.01171007567309822,0.012388476522991814,0.1363375979406925,0.21020875114655999,0.628,1,86,0,239,12,11,3,8,67,4,3,17,7,7,49,12,0,60,1
1,500,4,0.008074952738125099,0.00858231699104672,0.038634029564247954,0.05140602650665381,0.862,1,90,0,148,7,3,10,8,118,6,7,1,1,103,1,6,10,9,62
2,500,4,0.015894162868635358,0.018756946467585762,0.1523364708525977,0.22798539429694684,0.662,1,62,0,219,5,3,8,11,106,0,4,8,6,4,54,6,5,59,2
3,500,4,0.0186749996911207,0.02300990159863252,0.15645092978250397,0.2505035200577864,0.656,1,115,0,190,8,7,7,7,135,2,1,7,4,2,57,10,3,59,1
4,500,4,0.014620801068995461,0.017706348007754374,0.1429322656940486,0.22340063426429851,0.262,1,59,0,8,156,10,2,168,10,2,1,4,5,60,3,6,4,8,53
