sim_id,n,K_true,pi_mae,pi_rmse,theta_mae,theta_rmse,accuracy,converged,n_iterations,computation_time,conf_0_0,conf_0_1,conf_0_2,conf_0_3,conf_1_0,conf_1_1,conf_1_2,conf_1_3,conf_2_0,conf_2_1,conf_2_2,conf_2_3,conf_3_0,conf_3_1,conf_3_2,conf_3_3
0,1000,4,0.015721340111874604,0.01605691392649574,0.03285411278423459,0.041178316845167144,0.852,1,116,0,413,12,6,15,22,195,7,8,11,32,158,7,11,8,9,86
1,1000,4,0.005172008155393752,0.006264122245445225,0.1330604318747553,0.2253607491326813,0.617,1,82,0,431,9,5,3,12,169,11,6,17,10,8,140,7,10,153,9
2,1000,4,0.011176890917505108,0.013423453980193949,0.03079801973130495,0.04390476111757958,0.884,1,79,0,538,9,13,7,24,148,3,1,12,9,107,7,22,6,3,91
3,1000,4,0.007787202360641142,0.009440671639230897,0.023475101234575718,0.028272154343110128,0.902,1,67,0,306,6,7,3,4,206,11,12,8,14,191,12,3,7,11,199
4,1000,4,0.008813921230614953,0.011034606762586633,0.21528154672372954,0.28631778125649215,0.418,1,81,0,405,12,13,6,47,9,157,5,14,31,2,142,5,149,1,2
