sim_id,n,K_true,pi_mae,pi_rmse,theta_mae,theta_rmse,accuracy,converged,n_iterations,computation_time,conf_0_0,conf_0_1,conf_0_2,conf_1_0,conf_1_1,conf_1_2,conf_2_0,conf_2_1,conf_2_2
0,1000,3,0.028623815511667806,0.032712230379538194,0.029403641258689463,0.036559269327299374,0.859,1,64,0,415,32,8,35,300,8,30,28,144
1,1000,3,0.012801428597336092,0.013866816039581913,0.1676913116307949,0.23315912296784783,0.193,1,41,0,43,397,3,395,19,5,3,4,131
2,1000,3,0.01792204765618516,0.02175975638379706,0.021177843620859026,0.026070107967752176,0.914,1,41,0,407,13,30,9,327,11,12,11,180
3,1000,3,0.025925678059550632,0.031653080942704845,0.026751000946039973,0.033392863174288044,0.938,1,33,0,579,6,15,12,206,8,15,6,153
4,1000,3,0.02760236438073731,0.029379831553176174,0.023434644372561476,0.030034590960228164,0.901,1,73,0,482,21,9,43,213,8,15,3,206
