sim_id,n,K_true,pi_mae,pi_rmse,theta_mae,theta_rmse,accuracy,converged,n_iterations,computation_time,conf_0_0,conf_0_1,conf_0_2,conf_1_0,conf_1_1,conf_1_2,conf_2_0,conf_2_1,conf_2_2
0,5000,3,0.008416624638388251,0.009001201459252777,0.011736409462182311,0.014686104119648397,0.919,1,51,0,2025,65,55,61,1814,77,63,84,756
1,5000,3,0.0024195840220995004,0.0027808165667475076,0.010395960509077401,0.013522832687787888,0.9082,1,32,0,2269,69,88,89,1346,52,87,74,926
2,5000,3,0.008065586382884895,0.008632550177404684,0.010876603280036926,0.015026181729296508,0.9422,1,47,0,2446,85,31,72,1623,42,20,39,642
3,5000,3,0.009402629764672599,0.010284842943973024,0.012624133334197487,0.015458292724483793,0.8788,1,57,0,1816,135,49,182,1620,74,57,109,958
4,5000,3,0.017171224780125737,0.019492853656086932,0.011517467937459431,0.014264456968800696,0.873,1,73,0,2000,163,77,145,1567,47,81,122,798
