sim_id,n,K_true,pi_mae,pi_rmse,theta_mae,theta_rmse,accuracy,converged,n_iterations,computation_time,conf_0_0,conf_0_1,conf_0_2,conf_0_3,conf_1_0,conf_1_1,conf_1_2,conf_1_3,conf_2_0,conf_2_1,conf_2_2,conf_2_3,conf_3_0,conf_3_1,conf_3_2,conf_3_3
0,5000,4,0.010283299921301697,0.012511147841229402,0.01398620340028412,0.01854619762419876,0.877,1,83,0,1754,69,42,52,105,1214,31,12,88,36,715,53,57,21,49,702
1,5000,4,0.0067009362635759295,0.008164920548271734,0.012461371508113765,0.0176271251479987,0.8932,1,79,0,1873,16,16,39,25,1474,75,44,42,88,570,31,53,64,41,549
2,5000,4,0.013270736881937036,0.014518477649020554,0.01443294375516703,0.01845195711525624,0.8528,1,89,0,1874,69,68,33,99,1014,70,31,61,60,801,48,52,54,91,575
3,5000,4,0.0061910238461348535,0.006388253786325726,0.011461584447811968,0.014175666709701147,0.871,1,69,0,1485,90,84,39,50,1311,74,21,90,87,1039,16,31,31,32,520
4,5000,4,0.004138836984254393,0.004396016410226969,0.012545622211251422,0.016253829373457162,0.8892,1,62,0,2246,32,66,38,45,845,18,57,97,38,671,36,50,57,20,684
