sim_id,n,K_true,pi_mae,pi_rmse,theta_mae,theta_rmse,accuracy,converged,n_iterations,computation_time,conf_0_0,conf_0_1,conf_0_2,conf_1_0,conf_1_1,conf_1_2,conf_2_0,conf_2_1,conf_2_2
0,3000,3,0.013117589001928609,0.013953893604811798,0.01735278335146713,0.0222480668130692,0.893,1,119,0,1662,41,78,50,684,9,121,22,333
1,3000,3,0.004832428250132599,0.005516290470931129,0.01242863681950314,0.015203407144558636,0.9086666666666666,1,38,0,1027,54,18,45,957,56,30,71,742
2,3000,3,0.014050042711392022,0.015538168048391362,0.013363101037756097,0.01749551388928874,0.861,1,98,0,1340,109,32,123,637,37,40,76,606
3,3000,3,0.004142955959565366,0.0044013526274052465,0.009436972561089314,0.01287684719052869,0.9426666666666667,1,102,0,1389,15,19,18,842,49,18,53,597
4,3000,3,0.013242872575135631,0.015545080737930348,0.013368133627840213,0.016502898337103986,0.921,1,51,0,1286,36,33,38,931,20,72,38,546
