sim_id,n,K_true,pi_mae,pi_rmse,theta_mae,theta_rmse,accuracy,converged,n_iterations,computation_time,conf_0_0,conf_0_1,conf_1_0,conf_1_1
0,500,2,0.02462410008007497,0.02462410008007497,0.02738122696036478,0.039379532918747705,0.974,1,32,0,406,6,7,81
1,500,2,0.006948912949280794,0.006948912949280794,0.028517769671238664,0.037997884028171,0.978,1,16,0,374,7,4,115
2,500,2,0.029614124561640975,0.029614124561640975,0.019799848486925564,0.02475076753319133,0.95,1,41,0,309,13,12,166
3,500,2,0.03474302101809501,0.03474302101809501,0.026475668392919992,0.03303514667558241,0.94,1,61,0,325,11,19,145
4,500,2,0.005472841710811693,0.005472841710811693,0.029010950047804407,0.043432139207931174,0.956,1,41,0,411,7,15,67
