sim_id,n,K_true,pi_mae,pi_rmse,theta_mae,theta_rmse,accuracy,converged,n_iterations,computation_time,conf_0_0,conf_0_1,conf_1_0,conf_1_1
0,2000,2,0.008898675727444988,0.008898675727444988,0.012577122370043912,0.016063044608986606,0.9815,1,13,0,1100,19,18,863
1,2000,2,0.0014367205044187037,0.0014367205044187037,0.012753719352008069,0.0162981272615467,0.9305,1,34,0,1092,71,68,769
2,2000,2,0.006677623450985354,0.006677623450985354,0.014023258613090917,0.017353991421874288,0.9165,1,51,0,1172,92,75,661
3,2000,2,0.008695729276806202,0.008695729276806202,0.012953227932264055,0.016638325446743582,0.9605,1,33,0,1379,35,44,542
4,2000,2,0.00042465317994322405,0.00042465317994322405,0.013108238218644572,0.017688747556010215,0.9455,1,38,0,1249,51,58,642
