sim_id,n,K_true,pi_mae,pi_rmse,theta_mae,theta_rmse,accuracy,converged,n_iterations,computation_time,conf_0_0,conf_0_1,conf_0_2,conf_1_0,conf_1_1,conf_1_2,conf_2_0,conf_2_1,conf_2_2
0,2000,3,0.007802358904220356,0.009456399821593164,0.013967242573701414,0.017798616432000133,0.941,1,44,0,926,20,25,21,619,5,39,8,337
1,2000,3,0.0015359550278336669,0.0016788020825630585,0.015824574498978564,0.020284383810965565,0.9535,1,40,0,783,7,3,10,672,28,6,39,452
2,2000,3,0.009855777533513818,0.011873960688111439,0.015154315595058454,0.02167976307412764,0.957,1,31,0,1257,13,6,20,400,16,15,16,257
3,2000,3,0.015364280344368958,0.017653778360136315,0.01828279211355078,0.023253401156716844,0.8875,1,44,0,713,43,15,62,636,26,46,33,426
4,2000,3,0.02697097874863331,0.03012973129060154,0.021863346302271047,0.029378864139072904,0.845,1,195,0,1128,51,47,99,357,55,32,26,205
