sim_id,n,K_true,pi_mae,pi_rmse,theta_mae,theta_rmse,accuracy,converged,n_iterations,computation_time,conf_0_0,conf_0_1,conf_1_0,conf_1_1
0,8000,2,0.004924270341544759,0.004924270341544759,0.00836666302976995,0.01130089708047335,0.932375,1,43,0,6019,233,308,1440
1,8000,2,0.0040721453597857005,0.0040721453597857005,0.007084314006945214,0.008849504507824502,0.941125,1,50,0,5607,213,258,1922
2,8000,2,0.00631832357291634,0.00631832357291634,0.006843070271686033,0.00854738200399643,0.981,1,25,0,6464,70,82,1384
3,8000,2,0.00904246812297127,0.00904246812297127,0.007616336350764185,0.00904308812671428,0.922,1,42,0,4809,325,299,2567
4,8000,2,0.0006248023358660648,0.0006248023358660648,0.0066185106610632,0.00890445084746729,0.90625,1,58,0,4951,345,405,2299
