sim_id,n,K_true,pi_mae,pi_rmse,theta_mae,theta_rmse,accuracy,converged,n_iterations,computation_time,conf_0_0,conf_0_1,conf_1_0,conf_1_1
0,1000,2,0.005424778079634901,0.005424778079634901,0.016238199284867073,0.020362595382827482,0.944,1,30,0,497,27,29,447
1,1000,2,0.034651912915039246,0.034651912915039246,0.017515415255189785,0.021930555153926477,0.894,1,71,0,479,47,59,415
2,1000,2,0.024140052678397056,0.024140052678397056,0.015856691080569984,0.019727258471746938,0.968,1,18,0,662,8,24,306
3,1000,2,0.04222344560203542,0.04222344560203542,0.028289536965218538,0.03806348315896135,0.896,1,130,0,735,57,47,161
4,1000,2,0.0019651523128688397,0.0019651523128688397,0.011724066924379902,0.014851733646807662,0.936,1,27,0,523,28,36,413
