sim_id,n,K_true,pi_mae,pi_rmse,theta_mae,theta_rmse,accuracy,converged,n_iterations,computation_time,conf_0_0,conf_0_1,conf_0_2,conf_0_3,conf_0_4,conf_1_0,conf_1_1,conf_1_2,conf_1_3,conf_1_4,conf_2_0,conf_2_1,conf_2_2,conf_2_3,conf_2_4,conf_3_0,conf_3_1,conf_3_2,conf_3_3,conf_3_4,conf_4_0,conf_4_1,conf_4_2,conf_4_3,conf_4_4
0,500,5,0.008262037474014194,0.010119970303969078,0.2090287304253934,0.30186873629506383,0.55,1,181,0,148,13,10,2,4,8,124,1,12,1,10,2,0,0,50,1,0,60,3,0,2,10,1,38,0
1,500,5,0.020910431326719353,0.026749853825155323,0.23708349243872115,0.30361621737333067,0.136,1,112,0,4,115,2,0,1,132,4,4,1,1,11,1,3,65,5,8,3,63,3,1,11,5,0,3,54
2,500,5,0.01611094637924498,0.019458896282760606,0.06510124425231392,0.08385353571396802,0.758,0,200,0,161,5,5,6,4,6,83,4,6,11,2,1,53,4,4,10,4,2,43,3,8,12,14,10,39
3,500,5,0.009069146373207382,0.010554011961957875,0.16188302100358976,0.24013809959928237,0.402,1,143,0,142,6,1,0,4,6,9,82,3,4,3,6,2,80,5,10,72,2,0,0,8,4,1,2,48
4,500,5,0.009842483336230511,0.011215846959258431,0.05074989147918121,0.06454315574840981,0.902,1,94,0,201,3,5,11,3,5,85,2,0,0,2,2,67,4,3,2,2,4,47,0,1,0,0,0,51
