sim_id,n,K_true,pi_mae,pi_rmse,theta_mae,theta_rmse,accuracy,converged,n_iterations,computation_time,conf_0_0,conf_0_1,conf_0_2,conf_1_0,conf_1_1,conf_1_2,conf_2_0,conf_2_1,conf_2_2
0,500,3,0.0012502466040734406,0.0013274014130443572,0.037901754202634384,0.05096501591000391,0.93,1,58,0,296,4,8,12,116,2,7,2,53
1,500,3,0.0322498847260295,0.03658511178949672,0.0260535532803109,0.03315066855244188,0.922,1,47,0,222,7,3,16,128,3,7,3,111
2,500,3,0.016351452040772447,0.019740004111624004,0.033156117243379364,0.04278520664053585,0.918,1,59,0,229,14,0,19,171,0,3,5,59
3,500,3,0.01990349333876093,0.021142822072067552,0.027496987926798055,0.03704931168800508,0.888,1,61,0,175,13,8,13,154,5,15,2,115
4,500,3,0.02338556926948711,0.02829514215089125,0.04485013571246816,0.0635678342965528,0.882,1,137,0,235,8,1,17,159,6,17,10,47
