sim_id,n,K_true,pi_mae,pi_rmse,theta_mae,theta_rmse,accuracy,converged,n_iterations,computation_time,conf_0_0,conf_0_1,conf_0_2,conf_0_3,conf_0_4,conf_1_0,conf_1_1,conf_1_2,conf_1_3,conf_1_4,conf_2_0,conf_2_1,conf_2_2,conf_2_3,conf_2_4,conf_3_0,conf_3_1,conf_3_2,conf_3_3,conf_3_4,conf_4_0,conf_4_1,conf_4_2,conf_4_3,conf_4_4
0,1000,5,0.014635851043867207,0.017269198292910477,0.12457019735009585,0.2069742636732526,0.664,1,73,0,325,23,5,11,1,18,174,5,7,9,11,4,160,6,2,13,13,8,2,87,16,8,3,86,3
1,1000,5,0.010661028923006789,0.014364639765630864,0.032714670435034725,0.04248755183348374,0.894,0,200,0,283,0,8,5,0,2,230,18,2,7,14,13,162,9,1,3,3,6,132,1,3,2,1,8,87
2,1000,5,0.007990320934762004,0.00864853667692117,0.18944374380140525,0.23846757993910467,0.168,1,62,0,32,197,4,0,1,201,20,10,1,3,7,3,14,191,7,2,6,180,12,8,3,1,5,2,90
3,1000,5,0.02230278040845738,0.024294993425067683,0.040496679321669345,0.051584845857139114,0.841,1,153,0,471,9,5,7,10,2,143,9,6,1,8,30,79,5,4,6,15,8,81,1,16,5,4,8,67
4,1000,5,0.011378455067266906,0.015414795292642376,0.037002200358211605,0.04433911291501649,0.859,1,84,0,331,11,8,0,9,28,229,16,8,6,4,7,104,1,0,1,11,14,98,0,9,3,2,3,97
