sim_id,n,K_true,pi_mae,pi_rmse,theta_mae,theta_rmse,accuracy,converged,n_iterations,computation_time,conf_0_0,conf_0_1,conf_1_0,conf_1_1
0,5000,2,0.0011615347406094267,0.0011615347406094267,0.010991738569789185,0.013496534860599365,0.9446,1,19,0,3380,124,153,1343
1,5000,2,0.004728512618765321,0.004728512618765321,0.010857807084175674,0.013715808742779771,0.929,1,87,0,3953,129,226,692
2,5000,2,0.007667364839097607,0.007667364839097607,0.01346849443245239,0.019179335652318632,0.8994,1,147,0,4054,184,319,443
3,5000,2,0.015380647620938187,0.015380647620938187,0.008706391244369286,0.010861235778061933,0.9702,1,20,0,3288,66,83,1563
4,5000,2,0.009239815657913722,0.009239815657913722,0.008314484059222332,0.010957204895033028,0.9826,1,18,0,3836,36,51,1077
