sim_id,n,K_true,pi_mae,pi_rmse,theta_mae,theta_rmse,accuracy,converged,n_iterations,computation_time,conf_0_0,conf_0_1,conf_1_0,conf_1_1
0,3000,2,0.0017213394304275986,0.0017213394304275986,0.013380689608616792,0.016160648928759094,0.9476666666666667,1,50,0,2105,71,86,738
1,3000,2,0.0013735450757134948,0.0013735450757134948,0.0101532318671204,0.013344754128322908,0.9093333333333333,1,52,0,1674,134,138,1054
2,3000,2,0.001736942660022861,0.001736942660022861,0.009697461452351702,0.011533173574566414,0.9146666666666666,1,45,0,1760,103,153,984
3,3000,2,0.0046757352463754065,0.0046757352463754065,0.011883733986273227,0.01536851227919572,0.9793333333333333,1,29,0,2193,36,26,745
4,3000,2,0.025700468228392448,0.025700468228392448,0.01011142754562985,0.012976531742956326,0.9496666666666667,1,25,0,1891,75,76,958
