{
  "best_K": 3,
  "mixture_weights": [
    0.34810693605264276,
    0.3315168517325143,
    0.32037621221484563
  ],
  "log_likelihood": -100071.53833476544,
  "converged": true,
  "n_iterations": 38,
  "bic_values": {
    "1": 211113.00493604172,
    "2": 204146.0277934304,
    "3": 201182.17423888366,
    "4": 201440.54287766712,
    "5": 201707.8656505067,
    "6": 202001.23475324627
  },
  "categories": [
    3,
    3,
    3,
    3,
    3,
    3,
    3,
    3,
    3,
    3,
    3,
    3,
    3,
    3,
    3,
    3,
    3,
    3,
    3,
    3
  ],
  "variable_names": [
    "Var_0",
    "Var_1",
    "Var_2",
    "Var_3",
    "Var_4",
    "Var_5",
    "Var_6",
    "Var_7",
    "Var_8",
    "Var_9",
    "Var_10",
    "Var_11",
    "Var_12",
    "Var_13",
    "Var_14",
    "Var_15",
    "Var_16",
    "Var_17",
    "Var_18",
    "Var_19"
  ],
  "n_samples": 5000,
  "n_variables": 20
}