{
  "best_K": 3,
  "mixture_weights": [
    0.34345722808351625,
    0.3335879687322109,
    0.32295480318427267
  ],
  "log_likelihood": -19936.03056582091,
  "converged": true,
  "n_iterations": 30,
  "bic_values": {
    "1": 42358.47538324743,
    "2": 41200.059404408436,
    "3": 40714.807275677646,
    "4": 40905.87086095367,
    "5": 41101.30523826569,
    "6": 41295.491437635086
  },
  "categories": [
    3,
    3,
    3,
    3,
    3,
    3,
    3,
    3,
    3,
    3,
    3,
    3,
    3,
    3,
    3,
    3,
    3,
    3,
    3,
    3
  ],
  "variable_names": [
    "Var_0",
    "Var_1",
    "Var_2",
    "Var_3",
    "Var_4",
    "Var_5",
    "Var_6",
    "Var_7",
    "Var_8",
    "Var_9",
    "Var_10",
    "Var_11",
    "Var_12",
    "Var_13",
    "Var_14",
    "Var_15",
    "Var_16",
    "Var_17",
    "Var_18",
    "Var_19"
  ],
  "n_samples": 1000,
  "n_variables": 20
}