{
  "best_K": 3,
  "mixture_weights": [
    0.3481069360526389,
    0.3315168517325166,
    0.32037621221484736
  ],
  "log_likelihood": -100071.53833476576,
  "converged": true,
  "n_iterations": 38,
  "bic_values": {
    "1": 211113.00493604172,
    "2": 204146.0277934303,
    "3": 201182.1742388843,
    "4": 201440.5428776674,
    "5": 201707.8656505066,
    "6": 202001.23475324622
  },
  "categories": [
    3,
    3,
    3,
    3,
    3,
    3,
    3,
    3,
    3,
    3,
    3,
    3,
    3,
    3,
    3,
    3,
    3,
    3,
    3,
    3
  ],
  "variable_names": [
    "Var_0",
    "Var_1",
    "Var_2",
    "Var_3",
    "Var_4",
    "Var_5",
    "Var_6",
    "Var_7",
    "Var_8",
    "Var_9",
    "Var_10",
    "Var_11",
    "Var_12",
    "Var_13",
    "Var_14",
    "Var_15",
    "Var_16",
    "Var_17",
    "Var_18",
    "Var_19"
  ],
  "n_samples": 5000,
  "n_variables": 20
}