{
  "best_K": 3,
  "mixture_weights": [
    0.34103027701419275,
    0.32975472935771116,
    0.3292149936280962
  ],
  "log_likelihood": -39983.077433097336,
  "converged": true,
  "n_iterations": 37,
  "bic_values": {
    "1": 84639.6208909126,
    "2": 81928.82059501694,
    "3": 80893.4649662588,
    "4": 81110.06759904457,
    "5": 81330.29905438794,
    "6": 81563.8434839681
  },
  "categories": [
    3,
    3,
    3,
    3,
    3,
    3,
    3,
    3,
    3,
    3,
    3,
    3,
    3,
    3,
    3,
    3,
    3,
    3,
    3,
    3
  ],
  "variable_names": [
    "Var_0",
    "Var_1",
    "Var_2",
    "Var_3",
    "Var_4",
    "Var_5",
    "Var_6",
    "Var_7",
    "Var_8",
    "Var_9",
    "Var_10",
    "Var_11",
    "Var_12",
    "Var_13",
    "Var_14",
    "Var_15",
    "Var_16",
    "Var_17",
    "Var_18",
    "Var_19"
  ],
  "n_samples": 2000,
  "n_variables": 20
}